"Status","Start Time","Stop Time","Duration in ms","Parent Suite","Suite","Sub Suite","Test Class","Test Method","Name","Description"
"broken","Tue Oct 29 08:01:21 GMT 2024","Tue Oct 29 08:01:32 GMT 2024","10550","","test_all","TestMessage","","","test_send_empty_message",""
"broken","Tue Oct 29 08:00:07 GMT 2024","Tue Oct 29 08:00:18 GMT 2024","10544","","test_all","TestMessage","","","test_send_message",""
"broken","Tue Oct 29 08:00:28 GMT 2024","Tue Oct 29 08:00:39 GMT 2024","10547","","test_all","TestMessage","","","test_add_reacrion",""
"broken","Tue Oct 29 08:01:00 GMT 2024","Tue Oct 29 08:01:11 GMT 2024","10568","","test_all","TestMessage","","","test_send_message_with_mention",""
"broken","Tue Oct 29 08:00:39 GMT 2024","Tue Oct 29 08:00:50 GMT 2024","10564","","test_all","TestMessage","","","test_delete_reacrion",""
"broken","Tue Oct 29 07:59:54 GMT 2024","Tue Oct 29 08:00:07 GMT 2024","13248","","test_all","TestMessage","","","test_login_me",""
"broken","Tue Oct 29 08:00:50 GMT 2024","Tue Oct 29 08:01:00 GMT 2024","10542","","test_all","TestMessage","","","test_delete_message",""
"broken","Tue Oct 29 08:01:11 GMT 2024","Tue Oct 29 08:01:21 GMT 2024","10524","","test_all","TestMessage","","","test_send_message_with_non_exist_user",""
"broken","Tue Oct 29 08:00:18 GMT 2024","Tue Oct 29 08:00:28 GMT 2024","10548","","test_all","TestMessage","","","test_edit_message",""
